<?xml version="1.0" encoding="UTF-8" standalone="yes"?>
<rss>
    <channel>
        <title>한국경제 | 뉴스 | 정치</title>
        <link>https://www.hankyung.com/politics/ </link>
        <lastBuildDate>Tue, 03 May 2022 17:20:43 +0900</lastBuildDate>
        <item>
            <author>김범준</author>
            <image>//img.hankyung.com/photo/202205/01.29845825.1.jpg</image>
            <link>https://www.hankyung.com/politics/article/202205031194i?rss=r</link>
            <pubDate>Tue, 03 May 2022 17:15:39 +0900</pubDate>
            <title>[포토] 제20대 윤석열 대통령 취임 기념 우표 발행</title>
        </item>
        <item>
            <author>양길성</author>
            <image>//img.hankyung.com/photo/202205/01.29845346.1.jpg</image>
            <link>https://www.hankyung.com/politics/article/202205030965i?rss=r</link>
            <pubDate>Tue, 03 May 2022 16:42:55 +0900</pubDate>
            <title>'검수완박' 법안 공포…국힘 "민주주의 원칙 무너뜨려"</title>
        </item>
        <item>
            <author>신현보</author>
            <image>//img.hankyung.com/photo/202205/02.22579247.1.jpg</image>
            <link>https://www.hankyung.com/politics/article/2022050308787?rss=r</link>
            <pubDate>Tue, 03 May 2022 16:01:12 +0900</pubDate>
            <title>[속보] 文 "국회의장 중재안 합의가 파기되며 진통…아쉽다"</title>
        </item>
        <item>
            <author>신현보</author>
            <image>//img.hankyung.com/photo/202205/02.22579247.1.jpg</image>
            <link>https://www.hankyung.com/politics/article/2022050308757?rss=r</link>
            <pubDate>Tue, 03 May 2022 16:00:28 +0900</pubDate>
            <title>[속보] 文 "檢 선택적 정의 우려 여전…국민신뢰 얻기 불충분"</title>
        </item>
        <item>
            <author>신현보</author>
            <image>//img.hankyung.com/photo/202205/01.29844595.1.jpg</image>
            <link>https://www.hankyung.com/politics/article/2022050307907?rss=r</link>
            <pubDate>Tue, 03 May 2022 15:55:40 +0900</pubDate>
            <title>"尹 약속 대신 지키려"…김건희 여사, 단양 구인사 방문</title>
        </item>
        <item>
            <author>전범진</author>
            <image>//img.hankyung.com/photo/202205/01.29844681.1.jpg</image>
            <link>https://www.hankyung.com/politics/article/202205030824i?rss=r</link>
            <pubDate>Tue, 03 May 2022 15:52:15 +0900</pubDate>
            <title>현실화하는 '이재명 등판론'…민주당 공관위서도 "차출 고려" 첫 언급</title>
        </item>
        <item>
            <author>신현보</author>
            <image>//img.hankyung.com/photo/202205/02.29844668.1.jpg</image>
            <link>https://www.hankyung.com/politics/article/2022050308327?rss=r</link>
            <pubDate>Tue, 03 May 2022 15:51:22 +0900</pubDate>
            <title>[속보] 문 대통령, 검수완박 법안 공포…국무회의 의결</title>
        </item>
        <item>
            <author>허문찬</author>
            <image>//img.hankyung.com/photo/202205/AB.29843407.1.jpg</image>
            <link>https://www.hankyung.com/politics/article/202205030738i?rss=r</link>
            <pubDate>Tue, 03 May 2022 15:36:02 +0900</pubDate>
            <title>[포토] 마지막 국무회의 주재하는 문대통령</title>
        </item>
        <item>
            <author>허문찬</author>
            <image>//img.hankyung.com/photo/202205/AB.29843936.1.jpg</image>
            <link>https://www.hankyung.com/politics/article/202205030683i?rss=r</link>
            <pubDate>Tue, 03 May 2022 15:32:10 +0900</pubDate>
            <title>[포토] 청와대 본관에 걸린 문재인 대통령 초상화</title>
        </item>
        <item>
            <author>신현보</author>
            <image>//img.hankyung.com/photo/202205/01.29843634.1.jpg</image>
            <link>https://www.hankyung.com/politics/article/2022050305587?rss=r</link>
            <pubDate>Tue, 03 May 2022 15:12:24 +0900</pubDate>
            <title>임기 1주 남은 文…"文정부, 새로운 시대 연 정부로 기억되길"</title>
        </item>
        <item>
            <author>신현보</author>
            <image>//img.hankyung.com/photo/202205/01.29843289.1.jpg</image>
            <link>https://www.hankyung.com/politics/article/2022050304697?rss=r</link>
            <pubDate>Tue, 03 May 2022 14:52:12 +0900</pubDate>
            <title>尹취임식 누가 참석하나…'깐부' 오영수·전두환 부인 이순자 참석</title>
        </item>
        <item>
            <author>이미나</author>
            <image>//img.hankyung.com/photo/202205/ZA.29842711.1.jpg</image>
            <link>https://www.hankyung.com/politics/article/2022050304917?rss=r</link>
            <pubDate>Tue, 03 May 2022 14:51:35 +0900</pubDate>
            <title>김남국, '검수완박' 법안 마무리에 "검찰 권력 정상화 길로"</title>
        </item>
        <item>
            <author>신현보</author>
            <image>//img.hankyung.com/photo/202205/ZA.29828735.1.jpg</image>
            <link>https://www.hankyung.com/politics/article/2022050305187?rss=r</link>
            <pubDate>Tue, 03 May 2022 14:47:40 +0900</pubDate>
            <title>[속보] 국회, 추경호 부총리 후보자 청문보고서 합의 채택</title>
        </item>
        <item>
            <author>임도원</author>
            <image>//img.hankyung.com/photo/202205/ZA.29828269.1.jpg</image>
            <link>https://www.hankyung.com/politics/article/202205030452i?rss=r</link>
            <pubDate>Tue, 03 May 2022 14:35:36 +0900</pubDate>
            <title>문재인 대통령 "대한민국, 선도국가로 자부할 수 있게 돼"</title>
        </item>
        <item>
            <author>홍민성</author>
            <image>//img.hankyung.com/photo/202205/ZA.29841320.1.jpg</image>
            <link>https://www.hankyung.com/politics/article/2022050303597?rss=r</link>
            <pubDate>Tue, 03 May 2022 14:24:50 +0900</pubDate>
            <title>국정과제서 빠진 '여가부 폐지'…안철수 "정부조직 개편 안 다뤄"</title>
        </item>
        <item>
            <author>오형주</author>
            <image>//img.hankyung.com/photo/202205/01.29843044.1.jpg</image>
            <link>https://www.hankyung.com/politics/article/202205030400i?rss=r</link>
            <pubDate>Tue, 03 May 2022 14:20:21 +0900</pubDate>
            <title>김한규 靑 비서관 출마선언 "제주, 관광지 아닌 일상의 터전"</title>
        </item>
        <item>
            <author>김인엽</author>
            <image>//img.hankyung.com/photo/202205/01.29842694.1.jpg</image>
            <link>https://www.hankyung.com/politics/article/202205030219i?rss=r</link>
            <pubDate>Tue, 03 May 2022 13:55:31 +0900</pubDate>
            <title>지선 女心에 공약 후퇴?…'여가부 폐지' 국정과제서 빠졌다 [윤석열정부 국정과제]</title>
        </item>
        <item>
            <author>홍민성</author>
            <image>//img.hankyung.com/photo/202205/ZN.29781439.1.jpg</image>
            <link>https://www.hankyung.com/politics/article/2022050300797?rss=r</link>
            <pubDate>Tue, 03 May 2022 13:27:56 +0900</pubDate>
            <title>"국민의힘 女의원 예쁜 이유? 룸살롱서…" 이준석 분노한 까닭</title>
        </item>
        <item>
            <author>최수진</author>
            <image>//img.hankyung.com/photo/202205/ZA.29679117.1.jpg</image>
            <link>https://www.hankyung.com/politics/article/2022050399397?rss=r</link>
            <pubDate>Tue, 03 May 2022 11:33:51 +0900</pubDate>
            <title>'검수완박' 법안 모두 마무리…文 대통령 '거부권' 없을 듯 [종합]</title>
        </item>
        <item>
            <author>홍민성</author>
            <image>//img.hankyung.com/photo/202205/ZN.29839620.1.jpg</image>
            <link>https://www.hankyung.com/politics/article/2022050397107?rss=r</link>
            <pubDate>Tue, 03 May 2022 11:20:23 +0900</pubDate>
            <title>윤석열 정부 국정과제 110개 발표…"예산 209조 추가 필요"</title>
        </item>
    </channel>
</rss>
