<?xml version="1.0" encoding="UTF-8" standalone="yes"?>
<rss>
    <channel>
        <title>기상청 동네예보 웹서비스 - 경기도 수원시팔달구 인계동 도표예보</title>
        <link>http://www.kma.go.kr/weather/main.jsp</link>
        <description>동네예보 웹서비스</description>
        <language>ko</language>
        <generator>동네예보</generator>
        <pubDate>2022년 05월 03일 (화)요일 17:00</pubDate>
        <item>
            <author>기상청</author>
            <category>경기도 수원시팔달구 인계동</category>
            <title>동네예보(도표) : 경기도 수원시팔달구 인계동 [X=61,Y=120]</title>
            <link>http://www.kma.go.kr/weather/forecast/timeseries.jsp?searchType=INTEREST&amp;dongCode=4111573000</link>
            <guid>http://www.kma.go.kr/weather/forecast/timeseries.jsp?searchType=INTEREST&amp;dongCode=4111573000</guid>
            <description>
                <header>
                    <tm>202205031700</tm>
                    <ts>5</ts>
                    <x>61</x>
                    <y>120</y>
                </header>
                <body>
                    <data>
                        <hour>21</hour>
                        <wfKor>맑음</wfKor>
                        <wfEn>Clear</wfEn>
                        <wdKor>남서</wdKor>
                    </data>
                    <data>
                        <hour>24</hour>
                        <wfKor>맑음</wfKor>
                        <wfEn>Clear</wfEn>
                        <wdKor>남</wdKor>
                    </data>
                    <data>
                        <hour>3</hour>
                        <wfKor>맑음</wfKor>
                        <wfEn>Clear</wfEn>
                        <wdKor>남동</wdKor>
                    </data>
                    <data>
                        <hour>6</hour>
                        <wfKor>맑음</wfKor>
                        <wfEn>Clear</wfEn>
                        <wdKor>남동</wdKor>
                    </data>
                    <data>
                        <hour>9</hour>
                        <wfKor>맑음</wfKor>
                        <wfEn>Clear</wfEn>
                        <wdKor>남</wdKor>
                    </data>
                    <data>
                        <hour>12</hour>
                        <wfKor>맑음</wfKor>
                        <wfEn>Clear</wfEn>
                        <wdKor>남서</wdKor>
                    </data>
                    <data>
                        <hour>15</hour>
                        <wfKor>맑음</wfKor>
                        <wfEn>Clear</wfEn>
                        <wdKor>남서</wdKor>
                    </data>
                    <data>
                        <hour>18</hour>
                        <wfKor>맑음</wfKor>
                        <wfEn>Clear</wfEn>
                        <wdKor>남서</wdKor>
                    </data>
                    <data>
                        <hour>21</hour>
                        <wfKor>맑음</wfKor>
                        <wfEn>Clear</wfEn>
                        <wdKor>남</wdKor>
                    </data>
                    <data>
                        <hour>24</hour>
                        <wfKor>맑음</wfKor>
                        <wfEn>Clear</wfEn>
                        <wdKor>남</wdKor>
                    </data>
                    <data>
                        <hour>3</hour>
                        <wfKor>맑음</wfKor>
                        <wfEn>Clear</wfEn>
                        <wdKor>남</wdKor>
                    </data>
                    <data>
                        <hour>6</hour>
                        <wfKor>맑음</wfKor>
                        <wfEn>Clear</wfEn>
                        <wdKor>남</wdKor>
                    </data>
                    <data>
                        <hour>9</hour>
                        <wfKor>맑음</wfKor>
                        <wfEn>Clear</wfEn>
                        <wdKor>남동</wdKor>
                    </data>
                    <data>
                        <hour>12</hour>
                        <wfKor>맑음</wfKor>
                        <wfEn>Clear</wfEn>
                        <wdKor>남</wdKor>
                    </data>
                    <data>
                        <hour>15</hour>
                        <wfKor>맑음</wfKor>
                        <wfEn>Clear</wfEn>
                        <wdKor>서</wdKor>
                    </data>
                    <data>
                        <hour>18</hour>
                        <wfKor>맑음</wfKor>
                        <wfEn>Clear</wfEn>
                        <wdKor>북서</wdKor>
                    </data>
                    <data>
                        <hour>21</hour>
                        <wfKor>맑음</wfKor>
                        <wfEn>Clear</wfEn>
                        <wdKor>서</wdKor>
                    </data>
                    <data>
                        <hour>24</hour>
                        <wfKor>맑음</wfKor>
                        <wfEn>Clear</wfEn>
                        <wdKor>남서</wdKor>
                    </data>
                </body>
            </description>
        </item>
    </channel>
</rss>
